<?xml version="1.0" encoding="UTF-8"?>
<!DOCTYPE hibernate-configuration PUBLIC
	"-//Hibernate/Hibernate Configuration DTD 3.0//EN"
	"http://www.hibernate.org/dtd/hibernate configuration 3.0.dtd">
	
<hibernate-configuration>
	<session-factory>
		<!-- Proprietes de la connexion -->
		<property name="hibernate.connection.url">jdbc:mysql://localhost:3306/mailgoat?serverTimezone=Europe/Paris&amp;useSSL=false</property>
		<property name="hibernate.connection.driver_class">com.mysql.cj.jdbc.Driver</property>
		<property name="hibernate.connection.username"> root </property>
		<property name="hibernate.connection.password">admin</property>
		<property name="hibernate.connection.pool_size">10</property>
		
		<!-- Dialect InnoDB -->
		<property name="dialect">org.hibernate.dialect.MySQL5InnoDBDialect</property>
		<property name="hibernate.show_sql">false</property>
		<property name="cache.provider_class"> org.hibernate.cache.NoCacheProvider </property>
		<property name="cache.use_query_cache">false</property>
		
		<!-- <property name="hbm2ddl.auto">update/property> -->
		<property name="hbm2ddl.auto">update</property>
		
		<!-- Liste entities -->
		<mapping class="model.ModelLoginBase"/>
		
	</session-factory>
</hibernate-configuration>